Item,Qty,Refs,Value,MPN,Manufacturer,Description,Footprint,Sheet,Unit price qty1 USD,Ext price USD
1,1,J1,BATTERY XT30,XT30PW-M,Amass,"Battery input 7-25 V, board only (<= 3 A)",Connector_AMASS:AMASS_XT30PW-M_1x02_P2.50mm_Horizontal,Power,1.20,1.20
2,1,F1,3A,0468003.NR,Littelfuse,3 A fast-acting 1812 fuse on the board feed,Fuse:Fuse_1812_4532Metric,Power,0.55,0.55
3,1,Q1,AO3401A,AO3401A,Alpha & Omega,"P-MOSFET reverse-polarity protection (-30 V, 4 A)",Package_TO_SOT_SMD:SOT-23,Power,0.35,0.35
4,1,D2,10V,BZT52C10-7-F,Diodes Inc,"Gate-source clamp for Q1 (10 V: AO3401A Vgs max is 12 V, review A-10)",Diode_SMD:D_SOD-123,Power,0.15,0.15
5,5,R1 R6 R8 R14 R15,100k,RC0603FR-07100KL,Yageo,Q1 gate pull-down,Resistor_SMD:R_0603_1608Metric,Power,0.10,0.50
6,1,D1,SMAJ33A,SMAJ33A,Littelfuse,33 V unidirectional TVS on VIN_RAW (pin 1 = cathode to VIN_RAW),Diode_SMD:D_SMA,Power,0.45,0.45
7,1,C1,47uF 50V,EEE-FK1H470P,Panasonic,Bulk input capacitor,Capacitor_SMD:CP_Elec_6.3x7.7,Power,0.60,0.60
8,2,C2 C10,10uF 50V,GRM32ER71H106KA12L,Murata,Input ceramic,Capacitor_SMD:C_1210_3225Metric,Power,0.85,1.70
9,1,R33,0.02R 1W,CRA2512-FZ-R020ELF,Bourns,Board current shunt (REQ-PWR-06),Resistor_SMD:R_2512_6332Metric,Power,0.55,0.55
10,1,U8,INA180A1,INA180A1IDBVR,Texas Instruments,"Current-sense amplifier, gain 20 (3 A = 1.2 V)",Package_TO_SOT_SMD:SOT-23-5,Power,0.95,0.95
11,15,C37 C36 C7 C15 C16 C17 C18 C22 C23 C24 C31 C33 C34 C13 C14,100nF,KGM15ACG1H104KT,Kyocera AVX,INA180 output filter,Capacitor_SMD:C_0603_1608Metric,Power,0.10,1.50
12,3,R31 R27 R28,47k,RC0603FR-0747KL,Yageo,Battery divider top (26 V -> 3.3 V),Resistor_SMD:R_0603_1608Metric,Power,0.10,0.30
13,1,R32,6.8k,RC0603FR-076K8L,Yageo,Battery divider bottom,Resistor_SMD:R_0603_1608Metric,Power,0.10,0.10
14,1,U2,R1240N001B-TR-FE,R1240N001B-TR-FE,Nisshinbo,"1.25 MHz async buck, 1.2 A",LoRa_Boat_Controller:SOT-23-6W_PE-SOT23-6W-0512_NMD,Power,1.45,1.45
15,3,R2 R25 R26,5.1k,RC0603FR-075K1L,Yageo,CE pull-up to VIN_BUCK,Resistor_SMD:R_0603_1608Metric,Power,0.10,0.30
16,1,R3,51R,RC0603FR-0751RL,Yageo,Bootstrap series R (per DS),Resistor_SMD:R_0603_1608Metric,Power,0.10,0.10
17,1,C3,100nF 50V,CL10B104KB8NNNC,Samsung,Bootstrap capacitor,Capacitor_SMD:C_0603_1608Metric,Power,0.10,0.10
18,2,L1 L2,4.7uH 3A,SRN6045TA-4R7M,Bourns,Replaces the EOL SLF7045 (F-BOM-01),Inductor_SMD:L_Bourns_SRN6045TA,Power,0.55,1.10
19,1,D3,CMS06,"CMS06(TE12L,Q,M)",Toshiba,Catch diode 30 V 2 A,LoRa_Boat_Controller:M-FLAT_TOS-L,Power,0.60,0.60
20,1,R4,15k,RC0603FR-0715KL,Yageo,FB top: Vout = 0.8 * (1 + 15/4.7) = 3.35 V,Resistor_SMD:R_0603_1608Metric,Power,0.10,0.10
21,1,R5,4.7k,RC0603FR-074K7L,Yageo,FB bottom,Resistor_SMD:R_0603_1608Metric,Power,0.10,0.10
22,1,C4,470pF,06035A471JAT2A,Kyocera AVX,Feed-forward (CSPD),Capacitor_SMD:C_0603_1608Metric,Power,0.15,0.15
23,2,C5 C6,10uF 25V,GRM31CR71E106KA12L,Murata,3.3 V output,Capacitor_SMD:C_1206_3216Metric,Power,0.45,0.90
24,1,U3,TPS54202,TPS54202DDCR,Texas Instruments,5 V / 2 A buck for the servo rail (populate option),Package_TO_SOT_SMD:TSOT-23-6,Power,0.75,0.75
25,1,R9,13.3k,RC0603FR-0713K3L,Yageo,FB bottom,Resistor_SMD:R_0603_1608Metric,Power,0.10,0.10
26,2,C8 C9,22uF 16V,GRM32ER61C226KE20L,Murata,5 V output,Capacitor_SMD:C_1210_3225Metric,Power,0.60,1.20
27,2,D4 D9,SS34,SS34,Vishay,OR-ing: on-board 5 V -> VSERVO,Diode_SMD:D_SMA,Power,0.35,0.70
28,1,C11,100uF 10V,EEE-FK1A101P,Panasonic,VSERVO bulk,Capacitor_SMD:CP_Elec_6.3x7.7,Power,0.40,0.40
29,1,C12,10uF 16V,GRM21BR61C106KE15L,Murata,VSERVO ceramic,Capacitor_SMD:C_0805_2012Metric,Power,0.25,0.25
30,1,U1,STM32F446RET6,STM32F446RET6,STMicroelectronics,Cortex-M4 180 MHz,Package_QFP:LQFP-64_10x10mm_P0.5mm,MCU,9.80,9.80
31,4,C19 C29 C30 C35,10uF 10V,GRM21BR61A106KE19L,Murata,VDD bulk,Capacitor_SMD:C_0805_2012Metric,MCU,0.20,0.80
32,1,C20,4.7uF 10V,CL10A475KP8NNNC,Samsung,"VCAP_1 to VSS (REQ-MCU-01, fixes F-MCU-01)",Capacitor_SMD:C_0603_1608Metric,MCU,0.12,0.12
33,1,FB1,600R,BLM18AG601SN1D,Murata,VDDA filter,Inductor_SMD:L_0603_1608Metric,MCU,0.12,0.12
34,1,C21,1uF,CL10A105KB8NNNC,Samsung,VDDA,Capacitor_SMD:C_0603_1608Metric,MCU,0.10,0.10
35,3,R16 R11 R13,10k,RC0603FR-0710KL,Yageo,BOOT0 pull-down (REQ-MCU-02),Resistor_SMD:R_0603_1608Metric,MCU,0.10,0.30
36,1,SW1,RESET,KMR221GLFS,C&K,Reset button,Button_Switch_SMD:SW_Push_1P1T_NO_CK_KMR2,MCU,0.65,0.65
37,1,Y1,8MHz,ABM8-8.000MHZ-10-1-U-T,Abracon,"HSE, CL 10 pF (REQ-MCU-03)",Crystal:Crystal_SMD_3225-4Pin_3.2x2.5mm,MCU,0.95,0.95
38,2,C25 C26,15pF C0G,06035A150JAT2A,Kyocera AVX,HSE load,Capacitor_SMD:C_0603_1608Metric,MCU,0.15,0.30
39,1,Y2,32.768kHz,ABS07-32.768KHZ-7-T,Abracon,"LSE, CL 7 pF (REQ-MCU-04, populate option)",Crystal:Crystal_SMD_3215-2Pin_3.2x1.5mm,MCU,0.70,0.70
40,2,C27 C28,10pF C0G,06035A100JAT2A,Kyocera AVX,LSE load,Capacitor_SMD:C_0603_1608Metric,MCU,0.15,0.30
41,1,D5,PWR green,LTST-C193KGKT-5A,Lite-On,Power LED (REQ-PWR-08),LED_SMD:LED_0603_1608Metric,MCU,0.30,0.30
42,1,D6,LINK blue,LTST-C193TBKT-5A,Lite-On,Link LED,LED_SMD:LED_0603_1608Metric,MCU,0.30,0.30
43,1,D7,FIX yellow,LTST-C193KSKT-5A,Lite-On,GNSS fix LED,LED_SMD:LED_0603_1608Metric,MCU,0.30,0.30
44,1,D8,FAULT red,LTST-C193KRKT-5A,Lite-On,Fault / failsafe LED,LED_SMD:LED_0603_1608Metric,MCU,0.30,0.30
45,4,R29 R30 R34 R35,1k,RC0603FR-071KL,Yageo,LED,Resistor_SMD:R_0603_1608Metric,MCU,0.10,0.40
46,1,J4,LoRa RYLR998,PPTC051LFBN-RC,Sullins,"1x5 socket: VDD, NRST, RXD, TXD, GND (RYLR998 pinout)",LoRa_Boat_Controller:CONN5_1LFBN-RC_SUL,Radio,0.60,0.60
47,2,FB2 FB3,600R,BLM15AG601SN1D,Murata,LoRa supply pi filter,Inductor_SMD:L_0402_1005Metric,Radio,0.12,0.24
48,1,C32,47pF,GJM1555C1H470JB01D,Murata,LORA_VCC (RYLR998 reference design),Capacitor_SMD:C_0402_1005Metric,Radio,0.12,0.12
49,8,R17 R18 R19 R20 R21 R22 R10 R12,100R,RC0603FR-07100RL,Yageo,UART4_TX series,Resistor_SMD:R_0603_1608Metric,Radio,0.10,0.80
50,1,J5,GNSS,PPTC061LFBN-RC,Sullins,"1x6: VCC, GND, TX, RX, PPS, VBCKP",Connector_PinHeader_2.54mm:PinHeader_1x06_P2.54mm_Vertical,Navigation,0.65,0.65
51,1,U6,ICM-20948,ICM-20948,TDK InvenSense,"9-axis IMU, I2C",LoRa_Boat_Controller_V2:QFN-24_3x3mm_P0.4mm_NoEP,Navigation,11.50,11.50
52,2,R23 R24,2.2k,RC0603FR-072K2L,Yageo,I2C SCL pull-up,Resistor_SMD:R_0603_1608Metric,Navigation,0.10,0.20
53,1,J2,ESC,B3B-XH-A(LF)(SN),JST,"1: signal 5 V, 2: BEC in, 3: GND",Connector_JST:JST_XH_B3B-XH-A_1x03_P2.50mm_Vertical,Actuators,0.25,0.25
54,1,J3,SERVO,B3B-XH-A(LF)(SN),JST,"1: signal 5 V, 2: VSERVO out, 3: GND",Connector_JST:JST_XH_B3B-XH-A_1x03_P2.50mm_Vertical,Actuators,0.25,0.25
55,2,U4 U5,74AHCT1G125,SN74AHCT1G125DBVR,Texas Instruments,ESC PWM 3.3 -> 5 V buffer,Package_TO_SOT_SMD:SOT-23-5,Actuators,0.45,0.90
56,2,D10 D11,PESD5V0S1BA,"PESD5V0S1BA,115",Nexperia,ESC signal ESD,Diode_SMD:D_SOD-323,Actuators,0.25,0.50
57,1,J6,USB-C,USB4105-GF-A,GCT,USB 2.0 device console,Connector_USB:USB_C_Receptacle_GCT_USB4105-xx-A_16P_TopMnt_Horizontal,Debug,1.10,1.10
58,1,U7,USBLC6-2SC6,USBLC6-2SC6,STMicroelectronics,USB ESD,Package_TO_SOT_SMD:SOT-23-6,Debug,0.55,0.55
59,1,J7,SWD,FTSH-105-01-L-DV-K,Samtec,ARM 10-pin Cortex debug,Connector_PinHeader_1.27mm:PinHeader_2x05_P1.27mm_Vertical_SMD,Debug,3.20,3.20
60,1,TP1,ESC_PWM,,,MCU-side ESC PWM,TestPoint:TestPoint_Pad_D1.5mm,Actuators,,
61,1,TP2,SERVO_PWM,,,MCU-side servo PWM,TestPoint:TestPoint_Pad_D1.5mm,Actuators,,
62,1,TP3,+3V3,,,,TestPoint:TestPoint_Pad_D1.5mm,Power,,
63,1,TP4,VSERVO,,,,TestPoint:TestPoint_Pad_D1.5mm,Power,,
64,1,TP5,VIN_RAW,,,,TestPoint:TestPoint_Pad_D1.5mm,Power,,
65,1,TP6,GND,,,,TestPoint:TestPoint_Pad_D1.5mm,Power,,
66,1,TP7,PPS,,,,TestPoint:TestPoint_Pad_D1.5mm,Navigation,,
67,4,H1 H2 H3 H4,M3,,,Mounting hole,MountingHole:MountingHole_3.2mm_M3,Power,,
,118,"TOTAL (board only, qty 1, catalogue prices as of 2026-09-16)",,,,,,,,53.80
